id,lat,lon
23,39.6128542,-74.3629792
24,39.6130113,-74.3629026
22,39.6132182,-74.3628642
49,39.6133943,-74.3628174
50,39.61354,-74.3627608
51,39.6137546,-74.3626727
52,39.6139079,-74.3626152
53,39.6139539,-74.3625615
54,39.6139424,-74.362393
48,39.613904,-74.3621746
47,39.6138389,-74.3619025
46,39.6137947,-74.3617297
45,39.6137623,-74.3615538
44,39.6137163,-74.3613354
43,39.6136473,-74.3610787
10,39.6134711,-74.3609714
8,39.6133025,-74.3610366
12,39.6131799,-74.3610826
9,39.6130458,-74.3611247
11,39.6129078,-74.3611592
13,39.6127776,-74.3612473
14,39.6126818,-74.3612875
15,39.6126473,-74.3613565
16,39.612632,-74.3614983
17,39.6126933,-74.3616784
18,39.6127316,-74.3618814
19,39.6127546,-74.3620845
20,39.6128235,-74.3623451
21,39.6128389,-74.3625328
25,39.6131607,-74.3626612
26,39.6131416,-74.3625156
27,39.6130956,-74.3622359
28,39.6130036,-74.3618029
29,39.6129155,-74.3613393
34,39.6134519,-74.3624428
33,39.6133906,-74.3621286
32,39.6133638,-74.3619102
31,39.6132795,-74.3616113
30,39.6132067,-74.3612588
42,39.6137086,-74.3625539
41,39.6136818,-74.3624121
40,39.6136358,-74.3621937
39,39.6135745,-74.3619255
35,39.6135285,-74.3617148
38,39.6135056,-74.3615692
37,39.6134481,-74.3613048
36,39.6134136,-74.3611668
55,39.612888,-74.362053
56,39.613182,-74.361949
57,39.61347,-74.361884
